block,E,n,K
1,210000,0.14197848240857425,959.8573743002827
18,210000,0.1283628902880972,846.3315416114015
